,wiki_url,winner_match,loser_match,fighter1_match,fighter2_match
17,https://en.wikipedia.org/wiki/2012_in_UFC#UFC_149:_Faber_vs._Barão,chael sonnen,michael bisping,renan barao,urijah faber
18,https://en.wikipedia.org/wiki/2012_in_UFC#UFC_149:_Faber_vs._Barão,chael sonnen,michael bisping,hector lombard,tim boetsch
19,https://en.wikipedia.org/wiki/2012_in_UFC#UFC_149:_Faber_vs._Barão,chael sonnen,michael bisping,cheick kongo,shawn jordan
20,https://en.wikipedia.org/wiki/2012_in_UFC#UFC_149:_Faber_vs._Barão,chael sonnen,michael bisping,chris clements,matt riddle
21,https://en.wikipedia.org/wiki/2012_in_UFC#UFC_149:_Faber_vs._Barão,chael sonnen,michael bisping,brian ebersole,james head
22,https://en.wikipedia.org/wiki/2012_in_UFC#UFC_149:_Faber_vs._Barão,chael sonnen,michael bisping,court mcgee,nick ring
23,https://en.wikipedia.org/wiki/2012_in_UFC#UFC_149:_Faber_vs._Barão,chael sonnen,michael bisping,anton kuivanen,mitch clarke
24,https://en.wikipedia.org/wiki/2012_in_UFC#UFC_149:_Faber_vs._Barão,chael sonnen,michael bisping,anthony perosh,ryan jimmo
25,https://en.wikipedia.org/wiki/2012_in_UFC#UFC_149:_Faber_vs._Barão,chael sonnen,michael bisping,francisco rivera,roland delorme
26,https://en.wikipedia.org/wiki/2012_in_UFC#UFC_149:_Faber_vs._Barão,chael sonnen,michael bisping,bryan caraway,mitch gagnon
27,https://en.wikipedia.org/wiki/2012_in_UFC#UFC_149:_Faber_vs._Barão,chael sonnen,michael bisping,antonio carvalho,daniel pineda
72,https://en.wikipedia.org/wiki/2012_in_UFC#UFC_149:_Faber_vs._Barão,charles oliveira,eric wisely,renan barao,urijah faber
73,https://en.wikipedia.org/wiki/2012_in_UFC#UFC_149:_Faber_vs._Barão,charles oliveira,eric wisely,hector lombard,tim boetsch
74,https://en.wikipedia.org/wiki/2012_in_UFC#UFC_149:_Faber_vs._Barão,charles oliveira,eric wisely,cheick kongo,shawn jordan
75,https://en.wikipedia.org/wiki/2012_in_UFC#UFC_149:_Faber_vs._Barão,charles oliveira,eric wisely,chris clements,matt riddle
76,https://en.wikipedia.org/wiki/2012_in_UFC#UFC_149:_Faber_vs._Barão,charles oliveira,eric wisely,brian ebersole,james head
77,https://en.wikipedia.org/wiki/2012_in_UFC#UFC_149:_Faber_vs._Barão,charles oliveira,eric wisely,court mcgee,nick ring
78,https://en.wikipedia.org/wiki/2012_in_UFC#UFC_149:_Faber_vs._Barão,charles oliveira,eric wisely,anton kuivanen,mitch clarke
79,https://en.wikipedia.org/wiki/2012_in_UFC#UFC_149:_Faber_vs._Barão,charles oliveira,eric wisely,anthony perosh,ryan jimmo
80,https://en.wikipedia.org/wiki/2012_in_UFC#UFC_149:_Faber_vs._Barão,charles oliveira,eric wisely,francisco rivera,roland delorme
81,https://en.wikipedia.org/wiki/2012_in_UFC#UFC_149:_Faber_vs._Barão,charles oliveira,eric wisely,bryan caraway,mitch gagnon
82,https://en.wikipedia.org/wiki/2012_in_UFC#UFC_149:_Faber_vs._Barão,charles oliveira,eric wisely,antonio carvalho,daniel pineda
105,https://en.wikipedia.org/wiki/2012_in_UFC#UFC_149:_Faber_vs._Barão,chris camozzi,dustin jacoby,renan barao,urijah faber
106,https://en.wikipedia.org/wiki/2012_in_UFC#UFC_149:_Faber_vs._Barão,chris camozzi,dustin jacoby,hector lombard,tim boetsch
107,https://en.wikipedia.org/wiki/2012_in_UFC#UFC_149:_Faber_vs._Barão,chris camozzi,dustin jacoby,cheick kongo,shawn jordan
108,https://en.wikipedia.org/wiki/2012_in_UFC#UFC_149:_Faber_vs._Barão,chris camozzi,dustin jacoby,chris clements,matt riddle
109,https://en.wikipedia.org/wiki/2012_in_UFC#UFC_149:_Faber_vs._Barão,chris camozzi,dustin jacoby,brian ebersole,james head
110,https://en.wikipedia.org/wiki/2012_in_UFC#UFC_149:_Faber_vs._Barão,chris camozzi,dustin jacoby,court mcgee,nick ring
111,https://en.wikipedia.org/wiki/2012_in_UFC#UFC_149:_Faber_vs._Barão,chris camozzi,dustin jacoby,anton kuivanen,mitch clarke
112,https://en.wikipedia.org/wiki/2012_in_UFC#UFC_149:_Faber_vs._Barão,chris camozzi,dustin jacoby,anthony perosh,ryan jimmo
113,https://en.wikipedia.org/wiki/2012_in_UFC#UFC_149:_Faber_vs._Barão,chris camozzi,dustin jacoby,francisco rivera,roland delorme
114,https://en.wikipedia.org/wiki/2012_in_UFC#UFC_149:_Faber_vs._Barão,chris camozzi,dustin jacoby,bryan caraway,mitch gagnon
115,https://en.wikipedia.org/wiki/2012_in_UFC#UFC_149:_Faber_vs._Barão,chris camozzi,dustin jacoby,antonio carvalho,daniel pineda
28,https://en.wikipedia.org/wiki/2012_in_UFC#UFC_149:_Faber_vs._Barão,chris weidman,demian maia,renan barao,urijah faber
29,https://en.wikipedia.org/wiki/2012_in_UFC#UFC_149:_Faber_vs._Barão,chris weidman,demian maia,hector lombard,tim boetsch
30,https://en.wikipedia.org/wiki/2012_in_UFC#UFC_149:_Faber_vs._Barão,chris weidman,demian maia,cheick kongo,shawn jordan
31,https://en.wikipedia.org/wiki/2012_in_UFC#UFC_149:_Faber_vs._Barão,chris weidman,demian maia,chris clements,matt riddle
32,https://en.wikipedia.org/wiki/2012_in_UFC#UFC_149:_Faber_vs._Barão,chris weidman,demian maia,brian ebersole,james head
33,https://en.wikipedia.org/wiki/2012_in_UFC#UFC_149:_Faber_vs._Barão,chris weidman,demian maia,court mcgee,nick ring
34,https://en.wikipedia.org/wiki/2012_in_UFC#UFC_149:_Faber_vs._Barão,chris weidman,demian maia,anton kuivanen,mitch clarke
35,https://en.wikipedia.org/wiki/2012_in_UFC#UFC_149:_Faber_vs._Barão,chris weidman,demian maia,anthony perosh,ryan jimmo
36,https://en.wikipedia.org/wiki/2012_in_UFC#UFC_149:_Faber_vs._Barão,chris weidman,demian maia,francisco rivera,roland delorme
37,https://en.wikipedia.org/wiki/2012_in_UFC#UFC_149:_Faber_vs._Barão,chris weidman,demian maia,bryan caraway,mitch gagnon
38,https://en.wikipedia.org/wiki/2012_in_UFC#UFC_149:_Faber_vs._Barão,chris weidman,demian maia,antonio carvalho,daniel pineda
61,https://en.wikipedia.org/wiki/2012_in_UFC#UFC_149:_Faber_vs._Barão,cub swanson,george roop,renan barao,urijah faber
62,https://en.wikipedia.org/wiki/2012_in_UFC#UFC_149:_Faber_vs._Barão,cub swanson,george roop,hector lombard,tim boetsch
63,https://en.wikipedia.org/wiki/2012_in_UFC#UFC_149:_Faber_vs._Barão,cub swanson,george roop,cheick kongo,shawn jordan
64,https://en.wikipedia.org/wiki/2012_in_UFC#UFC_149:_Faber_vs._Barão,cub swanson,george roop,chris clements,matt riddle
65,https://en.wikipedia.org/wiki/2012_in_UFC#UFC_149:_Faber_vs._Barão,cub swanson,george roop,brian ebersole,james head
66,https://en.wikipedia.org/wiki/2012_in_UFC#UFC_149:_Faber_vs._Barão,cub swanson,george roop,court mcgee,nick ring
67,https://en.wikipedia.org/wiki/2012_in_UFC#UFC_149:_Faber_vs._Barão,cub swanson,george roop,anton kuivanen,mitch clarke
68,https://en.wikipedia.org/wiki/2012_in_UFC#UFC_149:_Faber_vs._Barão,cub swanson,george roop,anthony perosh,ryan jimmo
69,https://en.wikipedia.org/wiki/2012_in_UFC#UFC_149:_Faber_vs._Barão,cub swanson,george roop,francisco rivera,roland delorme
70,https://en.wikipedia.org/wiki/2012_in_UFC#UFC_149:_Faber_vs._Barão,cub swanson,george roop,bryan caraway,mitch gagnon
71,https://en.wikipedia.org/wiki/2012_in_UFC#UFC_149:_Faber_vs._Barão,cub swanson,george roop,antonio carvalho,daniel pineda
39,https://en.wikipedia.org/wiki/2012_in_UFC#UFC_149:_Faber_vs._Barão,evan dunham,nik lentz,renan barao,urijah faber
40,https://en.wikipedia.org/wiki/2012_in_UFC#UFC_149:_Faber_vs._Barão,evan dunham,nik lentz,hector lombard,tim boetsch
41,https://en.wikipedia.org/wiki/2012_in_UFC#UFC_149:_Faber_vs._Barão,evan dunham,nik lentz,cheick kongo,shawn jordan
42,https://en.wikipedia.org/wiki/2012_in_UFC#UFC_149:_Faber_vs._Barão,evan dunham,nik lentz,chris clements,matt riddle
43,https://en.wikipedia.org/wiki/2012_in_UFC#UFC_149:_Faber_vs._Barão,evan dunham,nik lentz,brian ebersole,james head
44,https://en.wikipedia.org/wiki/2012_in_UFC#UFC_149:_Faber_vs._Barão,evan dunham,nik lentz,court mcgee,nick ring
45,https://en.wikipedia.org/wiki/2012_in_UFC#UFC_149:_Faber_vs._Barão,evan dunham,nik lentz,anton kuivanen,mitch clarke
46,https://en.wikipedia.org/wiki/2012_in_UFC#UFC_149:_Faber_vs._Barão,evan dunham,nik lentz,anthony perosh,ryan jimmo
47,https://en.wikipedia.org/wiki/2012_in_UFC#UFC_149:_Faber_vs._Barão,evan dunham,nik lentz,francisco rivera,roland delorme
48,https://en.wikipedia.org/wiki/2012_in_UFC#UFC_149:_Faber_vs._Barão,evan dunham,nik lentz,bryan caraway,mitch gagnon
49,https://en.wikipedia.org/wiki/2012_in_UFC#UFC_149:_Faber_vs._Barão,evan dunham,nik lentz,antonio carvalho,daniel pineda
94,https://en.wikipedia.org/wiki/2012_in_UFC#UFC_149:_Faber_vs._Barão,lavar johnson,joey beltran,renan barao,urijah faber
95,https://en.wikipedia.org/wiki/2012_in_UFC#UFC_149:_Faber_vs._Barão,lavar johnson,joey beltran,hector lombard,tim boetsch
96,https://en.wikipedia.org/wiki/2012_in_UFC#UFC_149:_Faber_vs._Barão,lavar johnson,joey beltran,cheick kongo,shawn jordan
97,https://en.wikipedia.org/wiki/2012_in_UFC#UFC_149:_Faber_vs._Barão,lavar johnson,joey beltran,chris clements,matt riddle
98,https://en.wikipedia.org/wiki/2012_in_UFC#UFC_149:_Faber_vs._Barão,lavar johnson,joey beltran,brian ebersole,james head
99,https://en.wikipedia.org/wiki/2012_in_UFC#UFC_149:_Faber_vs._Barão,lavar johnson,joey beltran,court mcgee,nick ring
100,https://en.wikipedia.org/wiki/2012_in_UFC#UFC_149:_Faber_vs._Barão,lavar johnson,joey beltran,anton kuivanen,mitch clarke
101,https://en.wikipedia.org/wiki/2012_in_UFC#UFC_149:_Faber_vs._Barão,lavar johnson,joey beltran,anthony perosh,ryan jimmo
102,https://en.wikipedia.org/wiki/2012_in_UFC#UFC_149:_Faber_vs._Barão,lavar johnson,joey beltran,francisco rivera,roland delorme
103,https://en.wikipedia.org/wiki/2012_in_UFC#UFC_149:_Faber_vs._Barão,lavar johnson,joey beltran,bryan caraway,mitch gagnon
104,https://en.wikipedia.org/wiki/2012_in_UFC#UFC_149:_Faber_vs._Barão,lavar johnson,joey beltran,antonio carvalho,daniel pineda
83,https://en.wikipedia.org/wiki/2012_in_UFC#UFC_149:_Faber_vs._Barão,michael johnson,shane roller,renan barao,urijah faber
84,https://en.wikipedia.org/wiki/2012_in_UFC#UFC_149:_Faber_vs._Barão,michael johnson,shane roller,hector lombard,tim boetsch
85,https://en.wikipedia.org/wiki/2012_in_UFC#UFC_149:_Faber_vs._Barão,michael johnson,shane roller,cheick kongo,shawn jordan
86,https://en.wikipedia.org/wiki/2012_in_UFC#UFC_149:_Faber_vs._Barão,michael johnson,shane roller,chris clements,matt riddle
87,https://en.wikipedia.org/wiki/2012_in_UFC#UFC_149:_Faber_vs._Barão,michael johnson,shane roller,brian ebersole,james head
88,https://en.wikipedia.org/wiki/2012_in_UFC#UFC_149:_Faber_vs._Barão,michael johnson,shane roller,court mcgee,nick ring
89,https://en.wikipedia.org/wiki/2012_in_UFC#UFC_149:_Faber_vs._Barão,michael johnson,shane roller,anton kuivanen,mitch clarke
90,https://en.wikipedia.org/wiki/2012_in_UFC#UFC_149:_Faber_vs._Barão,michael johnson,shane roller,anthony perosh,ryan jimmo
91,https://en.wikipedia.org/wiki/2012_in_UFC#UFC_149:_Faber_vs._Barão,michael johnson,shane roller,francisco rivera,roland delorme
92,https://en.wikipedia.org/wiki/2012_in_UFC#UFC_149:_Faber_vs._Barão,michael johnson,shane roller,bryan caraway,mitch gagnon
93,https://en.wikipedia.org/wiki/2012_in_UFC#UFC_149:_Faber_vs._Barão,michael johnson,shane roller,antonio carvalho,daniel pineda
50,https://en.wikipedia.org/wiki/2012_in_UFC#UFC_149:_Faber_vs._Barão,mike russow,john-olav einemo,renan barao,urijah faber
51,https://en.wikipedia.org/wiki/2012_in_UFC#UFC_149:_Faber_vs._Barão,mike russow,john-olav einemo,hector lombard,tim boetsch
52,https://en.wikipedia.org/wiki/2012_in_UFC#UFC_149:_Faber_vs._Barão,mike russow,john-olav einemo,cheick kongo,shawn jordan
53,https://en.wikipedia.org/wiki/2012_in_UFC#UFC_149:_Faber_vs._Barão,mike russow,john-olav einemo,chris clements,matt riddle
54,https://en.wikipedia.org/wiki/2012_in_UFC#UFC_149:_Faber_vs._Barão,mike russow,john-olav einemo,brian ebersole,james head
55,https://en.wikipedia.org/wiki/2012_in_UFC#UFC_149:_Faber_vs._Barão,mike russow,john-olav einemo,court mcgee,nick ring
56,https://en.wikipedia.org/wiki/2012_in_UFC#UFC_149:_Faber_vs._Barão,mike russow,john-olav einemo,anton kuivanen,mitch clarke
57,https://en.wikipedia.org/wiki/2012_in_UFC#UFC_149:_Faber_vs._Barão,mike russow,john-olav einemo,anthony perosh,ryan jimmo
58,https://en.wikipedia.org/wiki/2012_in_UFC#UFC_149:_Faber_vs._Barão,mike russow,john-olav einemo,francisco rivera,roland delorme
59,https://en.wikipedia.org/wiki/2012_in_UFC#UFC_149:_Faber_vs._Barão,mike russow,john-olav einemo,bryan caraway,mitch gagnon
60,https://en.wikipedia.org/wiki/2012_in_UFC#UFC_149:_Faber_vs._Barão,mike russow,john-olav einemo,antonio carvalho,daniel pineda
6,https://en.wikipedia.org/wiki/2012_in_UFC#UFC_149:_Faber_vs._Barão,rashad evans,phil davis,renan barao,urijah faber
7,https://en.wikipedia.org/wiki/2012_in_UFC#UFC_149:_Faber_vs._Barão,rashad evans,phil davis,hector lombard,tim boetsch
8,https://en.wikipedia.org/wiki/2012_in_UFC#UFC_149:_Faber_vs._Barão,rashad evans,phil davis,cheick kongo,shawn jordan
9,https://en.wikipedia.org/wiki/2012_in_UFC#UFC_149:_Faber_vs._Barão,rashad evans,phil davis,chris clements,matt riddle
10,https://en.wikipedia.org/wiki/2012_in_UFC#UFC_149:_Faber_vs._Barão,rashad evans,phil davis,brian ebersole,james head
11,https://en.wikipedia.org/wiki/2012_in_UFC#UFC_149:_Faber_vs._Barão,rashad evans,phil davis,court mcgee,nick ring
12,https://en.wikipedia.org/wiki/2012_in_UFC#UFC_149:_Faber_vs._Barão,rashad evans,phil davis,anton kuivanen,mitch clarke
13,https://en.wikipedia.org/wiki/2012_in_UFC#UFC_149:_Faber_vs._Barão,rashad evans,phil davis,anthony perosh,ryan jimmo
14,https://en.wikipedia.org/wiki/2012_in_UFC#UFC_149:_Faber_vs._Barão,rashad evans,phil davis,francisco rivera,roland delorme
15,https://en.wikipedia.org/wiki/2012_in_UFC#UFC_149:_Faber_vs._Barão,rashad evans,phil davis,bryan caraway,mitch gagnon
16,https://en.wikipedia.org/wiki/2012_in_UFC#UFC_149:_Faber_vs._Barão,rashad evans,phil davis,antonio carvalho,daniel pineda
252,https://en.wikipedia.org/wiki/2012_in_UFC#UFC_on_Fuel_TV:_The_Korean_Zombie_vs._Poirier,chael sonnen,michael bisping,chan sung jung,dustin poirier
253,https://en.wikipedia.org/wiki/2012_in_UFC#UFC_on_Fuel_TV:_The_Korean_Zombie_vs._Poirier,chael sonnen,michael bisping,donald cerrone,jeremy stephens
254,https://en.wikipedia.org/wiki/2012_in_UFC#UFC_on_Fuel_TV:_The_Korean_Zombie_vs._Poirier,chael sonnen,michael bisping,amir sadollah,jorge lopez
255,https://en.wikipedia.org/wiki/2012_in_UFC#UFC_on_Fuel_TV:_The_Korean_Zombie_vs._Poirier,chael sonnen,michael bisping,alex soto,francisco rivera
256,https://en.wikipedia.org/wiki/2012_in_UFC#UFC_on_Fuel_TV:_The_Korean_Zombie_vs._Poirier,chael sonnen,michael bisping,fabio maldonado,igor pokrajac
257,https://en.wikipedia.org/wiki/2012_in_UFC#UFC_on_Fuel_TV:_The_Korean_Zombie_vs._Poirier,chael sonnen,michael bisping,cody mckenzie,marcus levesseur
258,https://en.wikipedia.org/wiki/2012_in_UFC#UFC_on_Fuel_TV:_The_Korean_Zombie_vs._Poirier,chael sonnen,michael bisping,kamal shalorus,rafael dos anjos
259,https://en.wikipedia.org/wiki/2012_in_UFC#UFC_on_Fuel_TV:_The_Korean_Zombie_vs._Poirier,chael sonnen,michael bisping,carlo prater,tj grant
260,https://en.wikipedia.org/wiki/2012_in_UFC#UFC_on_Fuel_TV:_The_Korean_Zombie_vs._Poirier,chael sonnen,michael bisping,jeff hougland,yves jabouin
261,https://en.wikipedia.org/wiki/2012_in_UFC#UFC_on_Fuel_TV:_The_Korean_Zombie_vs._Poirier,chael sonnen,michael bisping,jeff curran,johnny eduardo
262,https://en.wikipedia.org/wiki/2012_in_UFC#UFC_on_Fuel_TV:_The_Korean_Zombie_vs._Poirier,chael sonnen,michael bisping,brad tavares,dongi yang
263,https://en.wikipedia.org/wiki/2012_in_UFC#UFC_on_Fuel_TV:_The_Korean_Zombie_vs._Poirier,chael sonnen,michael bisping,jason macdonald,tom lawlor
312,https://en.wikipedia.org/wiki/2012_in_UFC#UFC_on_Fuel_TV:_The_Korean_Zombie_vs._Poirier,charles oliveira,eric wisely,chan sung jung,dustin poirier
313,https://en.wikipedia.org/wiki/2012_in_UFC#UFC_on_Fuel_TV:_The_Korean_Zombie_vs._Poirier,charles oliveira,eric wisely,donald cerrone,jeremy stephens
314,https://en.wikipedia.org/wiki/2012_in_UFC#UFC_on_Fuel_TV:_The_Korean_Zombie_vs._Poirier,charles oliveira,eric wisely,amir sadollah,jorge lopez
315,https://en.wikipedia.org/wiki/2012_in_UFC#UFC_on_Fuel_TV:_The_Korean_Zombie_vs._Poirier,charles oliveira,eric wisely,alex soto,francisco rivera
316,https://en.wikipedia.org/wiki/2012_in_UFC#UFC_on_Fuel_TV:_The_Korean_Zombie_vs._Poirier,charles oliveira,eric wisely,fabio maldonado,igor pokrajac
317,https://en.wikipedia.org/wiki/2012_in_UFC#UFC_on_Fuel_TV:_The_Korean_Zombie_vs._Poirier,charles oliveira,eric wisely,cody mckenzie,marcus levesseur
318,https://en.wikipedia.org/wiki/2012_in_UFC#UFC_on_Fuel_TV:_The_Korean_Zombie_vs._Poirier,charles oliveira,eric wisely,kamal shalorus,rafael dos anjos
319,https://en.wikipedia.org/wiki/2012_in_UFC#UFC_on_Fuel_TV:_The_Korean_Zombie_vs._Poirier,charles oliveira,eric wisely,carlo prater,tj grant
320,https://en.wikipedia.org/wiki/2012_in_UFC#UFC_on_Fuel_TV:_The_Korean_Zombie_vs._Poirier,charles oliveira,eric wisely,jeff hougland,yves jabouin
321,https://en.wikipedia.org/wiki/2012_in_UFC#UFC_on_Fuel_TV:_The_Korean_Zombie_vs._Poirier,charles oliveira,eric wisely,jeff curran,johnny eduardo
322,https://en.wikipedia.org/wiki/2012_in_UFC#UFC_on_Fuel_TV:_The_Korean_Zombie_vs._Poirier,charles oliveira,eric wisely,brad tavares,dongi yang
323,https://en.wikipedia.org/wiki/2012_in_UFC#UFC_on_Fuel_TV:_The_Korean_Zombie_vs._Poirier,charles oliveira,eric wisely,jason macdonald,tom lawlor
348,https://en.wikipedia.org/wiki/2012_in_UFC#UFC_on_Fuel_TV:_The_Korean_Zombie_vs._Poirier,chris camozzi,dustin jacoby,chan sung jung,dustin poirier
349,https://en.wikipedia.org/wiki/2012_in_UFC#UFC_on_Fuel_TV:_The_Korean_Zombie_vs._Poirier,chris camozzi,dustin jacoby,donald cerrone,jeremy stephens
350,https://en.wikipedia.org/wiki/2012_in_UFC#UFC_on_Fuel_TV:_The_Korean_Zombie_vs._Poirier,chris camozzi,dustin jacoby,amir sadollah,jorge lopez
351,https://en.wikipedia.org/wiki/2012_in_UFC#UFC_on_Fuel_TV:_The_Korean_Zombie_vs._Poirier,chris camozzi,dustin jacoby,alex soto,francisco rivera
352,https://en.wikipedia.org/wiki/2012_in_UFC#UFC_on_Fuel_TV:_The_Korean_Zombie_vs._Poirier,chris camozzi,dustin jacoby,fabio maldonado,igor pokrajac
353,https://en.wikipedia.org/wiki/2012_in_UFC#UFC_on_Fuel_TV:_The_Korean_Zombie_vs._Poirier,chris camozzi,dustin jacoby,cody mckenzie,marcus levesseur
354,https://en.wikipedia.org/wiki/2012_in_UFC#UFC_on_Fuel_TV:_The_Korean_Zombie_vs._Poirier,chris camozzi,dustin jacoby,kamal shalorus,rafael dos anjos
355,https://en.wikipedia.org/wiki/2012_in_UFC#UFC_on_Fuel_TV:_The_Korean_Zombie_vs._Poirier,chris camozzi,dustin jacoby,carlo prater,tj grant
356,https://en.wikipedia.org/wiki/2012_in_UFC#UFC_on_Fuel_TV:_The_Korean_Zombie_vs._Poirier,chris camozzi,dustin jacoby,jeff hougland,yves jabouin
357,https://en.wikipedia.org/wiki/2012_in_UFC#UFC_on_Fuel_TV:_The_Korean_Zombie_vs._Poirier,chris camozzi,dustin jacoby,jeff curran,johnny eduardo
358,https://en.wikipedia.org/wiki/2012_in_UFC#UFC_on_Fuel_TV:_The_Korean_Zombie_vs._Poirier,chris camozzi,dustin jacoby,brad tavares,dongi yang
359,https://en.wikipedia.org/wiki/2012_in_UFC#UFC_on_Fuel_TV:_The_Korean_Zombie_vs._Poirier,chris camozzi,dustin jacoby,jason macdonald,tom lawlor
264,https://en.wikipedia.org/wiki/2012_in_UFC#UFC_on_Fuel_TV:_The_Korean_Zombie_vs._Poirier,chris weidman,demian maia,chan sung jung,dustin poirier
265,https://en.wikipedia.org/wiki/2012_in_UFC#UFC_on_Fuel_TV:_The_Korean_Zombie_vs._Poirier,chris weidman,demian maia,donald cerrone,jeremy stephens
266,https://en.wikipedia.org/wiki/2012_in_UFC#UFC_on_Fuel_TV:_The_Korean_Zombie_vs._Poirier,chris weidman,demian maia,amir sadollah,jorge lopez
267,https://en.wikipedia.org/wiki/2012_in_UFC#UFC_on_Fuel_TV:_The_Korean_Zombie_vs._Poirier,chris weidman,demian maia,alex soto,francisco rivera
268,https://en.wikipedia.org/wiki/2012_in_UFC#UFC_on_Fuel_TV:_The_Korean_Zombie_vs._Poirier,chris weidman,demian maia,fabio maldonado,igor pokrajac
269,https://en.wikipedia.org/wiki/2012_in_UFC#UFC_on_Fuel_TV:_The_Korean_Zombie_vs._Poirier,chris weidman,demian maia,cody mckenzie,marcus levesseur
270,https://en.wikipedia.org/wiki/2012_in_UFC#UFC_on_Fuel_TV:_The_Korean_Zombie_vs._Poirier,chris weidman,demian maia,kamal shalorus,rafael dos anjos
271,https://en.wikipedia.org/wiki/2012_in_UFC#UFC_on_Fuel_TV:_The_Korean_Zombie_vs._Poirier,chris weidman,demian maia,carlo prater,tj grant
272,https://en.wikipedia.org/wiki/2012_in_UFC#UFC_on_Fuel_TV:_The_Korean_Zombie_vs._Poirier,chris weidman,demian maia,jeff hougland,yves jabouin
273,https://en.wikipedia.org/wiki/2012_in_UFC#UFC_on_Fuel_TV:_The_Korean_Zombie_vs._Poirier,chris weidman,demian maia,jeff curran,johnny eduardo
274,https://en.wikipedia.org/wiki/2012_in_UFC#UFC_on_Fuel_TV:_The_Korean_Zombie_vs._Poirier,chris weidman,demian maia,brad tavares,dongi yang
275,https://en.wikipedia.org/wiki/2012_in_UFC#UFC_on_Fuel_TV:_The_Korean_Zombie_vs._Poirier,chris weidman,demian maia,jason macdonald,tom lawlor
300,https://en.wikipedia.org/wiki/2012_in_UFC#UFC_on_Fuel_TV:_The_Korean_Zombie_vs._Poirier,cub swanson,george roop,chan sung jung,dustin poirier
301,https://en.wikipedia.org/wiki/2012_in_UFC#UFC_on_Fuel_TV:_The_Korean_Zombie_vs._Poirier,cub swanson,george roop,donald cerrone,jeremy stephens
302,https://en.wikipedia.org/wiki/2012_in_UFC#UFC_on_Fuel_TV:_The_Korean_Zombie_vs._Poirier,cub swanson,george roop,amir sadollah,jorge lopez
303,https://en.wikipedia.org/wiki/2012_in_UFC#UFC_on_Fuel_TV:_The_Korean_Zombie_vs._Poirier,cub swanson,george roop,alex soto,francisco rivera
304,https://en.wikipedia.org/wiki/2012_in_UFC#UFC_on_Fuel_TV:_The_Korean_Zombie_vs._Poirier,cub swanson,george roop,fabio maldonado,igor pokrajac
305,https://en.wikipedia.org/wiki/2012_in_UFC#UFC_on_Fuel_TV:_The_Korean_Zombie_vs._Poirier,cub swanson,george roop,cody mckenzie,marcus levesseur
306,https://en.wikipedia.org/wiki/2012_in_UFC#UFC_on_Fuel_TV:_The_Korean_Zombie_vs._Poirier,cub swanson,george roop,kamal shalorus,rafael dos anjos
307,https://en.wikipedia.org/wiki/2012_in_UFC#UFC_on_Fuel_TV:_The_Korean_Zombie_vs._Poirier,cub swanson,george roop,carlo prater,tj grant
308,https://en.wikipedia.org/wiki/2012_in_UFC#UFC_on_Fuel_TV:_The_Korean_Zombie_vs._Poirier,cub swanson,george roop,jeff hougland,yves jabouin
309,https://en.wikipedia.org/wiki/2012_in_UFC#UFC_on_Fuel_TV:_The_Korean_Zombie_vs._Poirier,cub swanson,george roop,jeff curran,johnny eduardo
310,https://en.wikipedia.org/wiki/2012_in_UFC#UFC_on_Fuel_TV:_The_Korean_Zombie_vs._Poirier,cub swanson,george roop,brad tavares,dongi yang
311,https://en.wikipedia.org/wiki/2012_in_UFC#UFC_on_Fuel_TV:_The_Korean_Zombie_vs._Poirier,cub swanson,george roop,jason macdonald,tom lawlor
276,https://en.wikipedia.org/wiki/2012_in_UFC#UFC_on_Fuel_TV:_The_Korean_Zombie_vs._Poirier,evan dunham,nik lentz,chan sung jung,dustin poirier
277,https://en.wikipedia.org/wiki/2012_in_UFC#UFC_on_Fuel_TV:_The_Korean_Zombie_vs._Poirier,evan dunham,nik lentz,donald cerrone,jeremy stephens
278,https://en.wikipedia.org/wiki/2012_in_UFC#UFC_on_Fuel_TV:_The_Korean_Zombie_vs._Poirier,evan dunham,nik lentz,amir sadollah,jorge lopez
279,https://en.wikipedia.org/wiki/2012_in_UFC#UFC_on_Fuel_TV:_The_Korean_Zombie_vs._Poirier,evan dunham,nik lentz,alex soto,francisco rivera
280,https://en.wikipedia.org/wiki/2012_in_UFC#UFC_on_Fuel_TV:_The_Korean_Zombie_vs._Poirier,evan dunham,nik lentz,fabio maldonado,igor pokrajac
281,https://en.wikipedia.org/wiki/2012_in_UFC#UFC_on_Fuel_TV:_The_Korean_Zombie_vs._Poirier,evan dunham,nik lentz,cody mckenzie,marcus levesseur
282,https://en.wikipedia.org/wiki/2012_in_UFC#UFC_on_Fuel_TV:_The_Korean_Zombie_vs._Poirier,evan dunham,nik lentz,kamal shalorus,rafael dos anjos
283,https://en.wikipedia.org/wiki/2012_in_UFC#UFC_on_Fuel_TV:_The_Korean_Zombie_vs._Poirier,evan dunham,nik lentz,carlo prater,tj grant
284,https://en.wikipedia.org/wiki/2012_in_UFC#UFC_on_Fuel_TV:_The_Korean_Zombie_vs._Poirier,evan dunham,nik lentz,jeff hougland,yves jabouin
285,https://en.wikipedia.org/wiki/2012_in_UFC#UFC_on_Fuel_TV:_The_Korean_Zombie_vs._Poirier,evan dunham,nik lentz,jeff curran,johnny eduardo
286,https://en.wikipedia.org/wiki/2012_in_UFC#UFC_on_Fuel_TV:_The_Korean_Zombie_vs._Poirier,evan dunham,nik lentz,brad tavares,dongi yang
287,https://en.wikipedia.org/wiki/2012_in_UFC#UFC_on_Fuel_TV:_The_Korean_Zombie_vs._Poirier,evan dunham,nik lentz,jason macdonald,tom lawlor
336,https://en.wikipedia.org/wiki/2012_in_UFC#UFC_on_Fuel_TV:_The_Korean_Zombie_vs._Poirier,lavar johnson,joey beltran,chan sung jung,dustin poirier
337,https://en.wikipedia.org/wiki/2012_in_UFC#UFC_on_Fuel_TV:_The_Korean_Zombie_vs._Poirier,lavar johnson,joey beltran,donald cerrone,jeremy stephens
338,https://en.wikipedia.org/wiki/2012_in_UFC#UFC_on_Fuel_TV:_The_Korean_Zombie_vs._Poirier,lavar johnson,joey beltran,amir sadollah,jorge lopez
339,https://en.wikipedia.org/wiki/2012_in_UFC#UFC_on_Fuel_TV:_The_Korean_Zombie_vs._Poirier,lavar johnson,joey beltran,alex soto,francisco rivera
340,https://en.wikipedia.org/wiki/2012_in_UFC#UFC_on_Fuel_TV:_The_Korean_Zombie_vs._Poirier,lavar johnson,joey beltran,fabio maldonado,igor pokrajac
341,https://en.wikipedia.org/wiki/2012_in_UFC#UFC_on_Fuel_TV:_The_Korean_Zombie_vs._Poirier,lavar johnson,joey beltran,cody mckenzie,marcus levesseur
342,https://en.wikipedia.org/wiki/2012_in_UFC#UFC_on_Fuel_TV:_The_Korean_Zombie_vs._Poirier,lavar johnson,joey beltran,kamal shalorus,rafael dos anjos
343,https://en.wikipedia.org/wiki/2012_in_UFC#UFC_on_Fuel_TV:_The_Korean_Zombie_vs._Poirier,lavar johnson,joey beltran,carlo prater,tj grant
344,https://en.wikipedia.org/wiki/2012_in_UFC#UFC_on_Fuel_TV:_The_Korean_Zombie_vs._Poirier,lavar johnson,joey beltran,jeff hougland,yves jabouin
345,https://en.wikipedia.org/wiki/2012_in_UFC#UFC_on_Fuel_TV:_The_Korean_Zombie_vs._Poirier,lavar johnson,joey beltran,jeff curran,johnny eduardo
346,https://en.wikipedia.org/wiki/2012_in_UFC#UFC_on_Fuel_TV:_The_Korean_Zombie_vs._Poirier,lavar johnson,joey beltran,brad tavares,dongi yang
347,https://en.wikipedia.org/wiki/2012_in_UFC#UFC_on_Fuel_TV:_The_Korean_Zombie_vs._Poirier,lavar johnson,joey beltran,jason macdonald,tom lawlor
324,https://en.wikipedia.org/wiki/2012_in_UFC#UFC_on_Fuel_TV:_The_Korean_Zombie_vs._Poirier,michael johnson,shane roller,chan sung jung,dustin poirier
325,https://en.wikipedia.org/wiki/2012_in_UFC#UFC_on_Fuel_TV:_The_Korean_Zombie_vs._Poirier,michael johnson,shane roller,donald cerrone,jeremy stephens
326,https://en.wikipedia.org/wiki/2012_in_UFC#UFC_on_Fuel_TV:_The_Korean_Zombie_vs._Poirier,michael johnson,shane roller,amir sadollah,jorge lopez
327,https://en.wikipedia.org/wiki/2012_in_UFC#UFC_on_Fuel_TV:_The_Korean_Zombie_vs._Poirier,michael johnson,shane roller,alex soto,francisco rivera
328,https://en.wikipedia.org/wiki/2012_in_UFC#UFC_on_Fuel_TV:_The_Korean_Zombie_vs._Poirier,michael johnson,shane roller,fabio maldonado,igor pokrajac
329,https://en.wikipedia.org/wiki/2012_in_UFC#UFC_on_Fuel_TV:_The_Korean_Zombie_vs._Poirier,michael johnson,shane roller,cody mckenzie,marcus levesseur
330,https://en.wikipedia.org/wiki/2012_in_UFC#UFC_on_Fuel_TV:_The_Korean_Zombie_vs._Poirier,michael johnson,shane roller,kamal shalorus,rafael dos anjos
331,https://en.wikipedia.org/wiki/2012_in_UFC#UFC_on_Fuel_TV:_The_Korean_Zombie_vs._Poirier,michael johnson,shane roller,carlo prater,tj grant
332,https://en.wikipedia.org/wiki/2012_in_UFC#UFC_on_Fuel_TV:_The_Korean_Zombie_vs._Poirier,michael johnson,shane roller,jeff hougland,yves jabouin
333,https://en.wikipedia.org/wiki/2012_in_UFC#UFC_on_Fuel_TV:_The_Korean_Zombie_vs._Poirier,michael johnson,shane roller,jeff curran,johnny eduardo
334,https://en.wikipedia.org/wiki/2012_in_UFC#UFC_on_Fuel_TV:_The_Korean_Zombie_vs._Poirier,michael johnson,shane roller,brad tavares,dongi yang
335,https://en.wikipedia.org/wiki/2012_in_UFC#UFC_on_Fuel_TV:_The_Korean_Zombie_vs._Poirier,michael johnson,shane roller,jason macdonald,tom lawlor
288,https://en.wikipedia.org/wiki/2012_in_UFC#UFC_on_Fuel_TV:_The_Korean_Zombie_vs._Poirier,mike russow,john-olav einemo,chan sung jung,dustin poirier
289,https://en.wikipedia.org/wiki/2012_in_UFC#UFC_on_Fuel_TV:_The_Korean_Zombie_vs._Poirier,mike russow,john-olav einemo,donald cerrone,jeremy stephens
290,https://en.wikipedia.org/wiki/2012_in_UFC#UFC_on_Fuel_TV:_The_Korean_Zombie_vs._Poirier,mike russow,john-olav einemo,amir sadollah,jorge lopez
291,https://en.wikipedia.org/wiki/2012_in_UFC#UFC_on_Fuel_TV:_The_Korean_Zombie_vs._Poirier,mike russow,john-olav einemo,alex soto,francisco rivera
292,https://en.wikipedia.org/wiki/2012_in_UFC#UFC_on_Fuel_TV:_The_Korean_Zombie_vs._Poirier,mike russow,john-olav einemo,fabio maldonado,igor pokrajac
293,https://en.wikipedia.org/wiki/2012_in_UFC#UFC_on_Fuel_TV:_The_Korean_Zombie_vs._Poirier,mike russow,john-olav einemo,cody mckenzie,marcus levesseur
294,https://en.wikipedia.org/wiki/2012_in_UFC#UFC_on_Fuel_TV:_The_Korean_Zombie_vs._Poirier,mike russow,john-olav einemo,kamal shalorus,rafael dos anjos
295,https://en.wikipedia.org/wiki/2012_in_UFC#UFC_on_Fuel_TV:_The_Korean_Zombie_vs._Poirier,mike russow,john-olav einemo,carlo prater,tj grant
296,https://en.wikipedia.org/wiki/2012_in_UFC#UFC_on_Fuel_TV:_The_Korean_Zombie_vs._Poirier,mike russow,john-olav einemo,jeff hougland,yves jabouin
297,https://en.wikipedia.org/wiki/2012_in_UFC#UFC_on_Fuel_TV:_The_Korean_Zombie_vs._Poirier,mike russow,john-olav einemo,jeff curran,johnny eduardo
298,https://en.wikipedia.org/wiki/2012_in_UFC#UFC_on_Fuel_TV:_The_Korean_Zombie_vs._Poirier,mike russow,john-olav einemo,brad tavares,dongi yang
299,https://en.wikipedia.org/wiki/2012_in_UFC#UFC_on_Fuel_TV:_The_Korean_Zombie_vs._Poirier,mike russow,john-olav einemo,jason macdonald,tom lawlor
240,https://en.wikipedia.org/wiki/2012_in_UFC#UFC_on_Fuel_TV:_The_Korean_Zombie_vs._Poirier,rashad evans,phil davis,chan sung jung,dustin poirier
241,https://en.wikipedia.org/wiki/2012_in_UFC#UFC_on_Fuel_TV:_The_Korean_Zombie_vs._Poirier,rashad evans,phil davis,donald cerrone,jeremy stephens
242,https://en.wikipedia.org/wiki/2012_in_UFC#UFC_on_Fuel_TV:_The_Korean_Zombie_vs._Poirier,rashad evans,phil davis,amir sadollah,jorge lopez
243,https://en.wikipedia.org/wiki/2012_in_UFC#UFC_on_Fuel_TV:_The_Korean_Zombie_vs._Poirier,rashad evans,phil davis,alex soto,francisco rivera
244,https://en.wikipedia.org/wiki/2012_in_UFC#UFC_on_Fuel_TV:_The_Korean_Zombie_vs._Poirier,rashad evans,phil davis,fabio maldonado,igor pokrajac
245,https://en.wikipedia.org/wiki/2012_in_UFC#UFC_on_Fuel_TV:_The_Korean_Zombie_vs._Poirier,rashad evans,phil davis,cody mckenzie,marcus levesseur
246,https://en.wikipedia.org/wiki/2012_in_UFC#UFC_on_Fuel_TV:_The_Korean_Zombie_vs._Poirier,rashad evans,phil davis,kamal shalorus,rafael dos anjos
247,https://en.wikipedia.org/wiki/2012_in_UFC#UFC_on_Fuel_TV:_The_Korean_Zombie_vs._Poirier,rashad evans,phil davis,carlo prater,tj grant
248,https://en.wikipedia.org/wiki/2012_in_UFC#UFC_on_Fuel_TV:_The_Korean_Zombie_vs._Poirier,rashad evans,phil davis,jeff hougland,yves jabouin
249,https://en.wikipedia.org/wiki/2012_in_UFC#UFC_on_Fuel_TV:_The_Korean_Zombie_vs._Poirier,rashad evans,phil davis,jeff curran,johnny eduardo
250,https://en.wikipedia.org/wiki/2012_in_UFC#UFC_on_Fuel_TV:_The_Korean_Zombie_vs._Poirier,rashad evans,phil davis,brad tavares,dongi yang
251,https://en.wikipedia.org/wiki/2012_in_UFC#UFC_on_Fuel_TV:_The_Korean_Zombie_vs._Poirier,rashad evans,phil davis,jason macdonald,tom lawlor
116,https://en.wikipedia.org/wiki/UFC_147,rony jason,godofredo pepey,godofredo castro,rony mariano bezerra
117,https://en.wikipedia.org/wiki/UFC_147,rony jason,godofredo pepey,leonardo mafra teixeira,thiago de oliveira perpetuo
118,https://en.wikipedia.org/wiki/UFC_147,thiago perpetuo,leonardo mafra,godofredo castro,rony mariano bezerra
119,https://en.wikipedia.org/wiki/UFC_147,thiago perpetuo,leonardo mafra,leonardo mafra teixeira,thiago de oliveira perpetuo
460,https://en.wikipedia.org/wiki/UFC_89,luiz cane,rameau thierry sokoudjou,luis cane,rameau sokoudjou
0,https://en.wikipedia.org/wiki/UFC_Fight_Night:_Andrade_vs._Zhang,karolline rosa cavedo,lara fritzen procopio,karol rosa,lara procopio
4,https://en.wikipedia.org/wiki/UFC_Fight_Night:_Bisping_vs._Gastelum,song yadong,bharat kandare,bharat khandare,yadong song
5,https://en.wikipedia.org/wiki/UFC_Fight_Night:_Cyborg_vs._L%C3%A4nsberg,cris cyborg,lina lansberg,cristiane justino,lina akhtar lansberg
3,https://en.wikipedia.org/wiki/UFC_Fight_Night:_Santos_vs._Anders,elizeu zaleski dos santos,luigi vendramini,elizeu zaleski,luigi vandramini
1,https://en.wikipedia.org/wiki/UFC_Fight_Night:_Till_vs._Masvidal,saparbek safarov,nicolae negumereanu,nick negumereanu,saparbeg safarov
2,https://en.wikipedia.org/wiki/UFC_Fight_Night:_Till_vs._Masvidal,saparbek safarov,nicolae negumereanu,ian heinisch,tom breese
132,https://en.wikipedia.org/wiki/UFC_on_FX:_Johnson_vs._McCall,chael sonnen,michael bisping,demetrious johnson,ian mccall
133,https://en.wikipedia.org/wiki/UFC_on_FX:_Johnson_vs._McCall,chael sonnen,michael bisping,josh neer,mike pyle
134,https://en.wikipedia.org/wiki/UFC_on_FX:_Johnson_vs._McCall,chael sonnen,michael bisping,charlie brenneman,erick silva
135,https://en.wikipedia.org/wiki/UFC_on_FX:_Johnson_vs._McCall,chael sonnen,michael bisping,eddie wineland,scott jorgensen
136,https://en.wikipedia.org/wiki/UFC_on_FX:_Johnson_vs._McCall,chael sonnen,michael bisping,leonard garcia,matt grice
137,https://en.wikipedia.org/wiki/UFC_on_FX:_Johnson_vs._McCall,chael sonnen,michael bisping,lance benoist,seth baczynski
138,https://en.wikipedia.org/wiki/UFC_on_FX:_Johnson_vs._McCall,chael sonnen,michael bisping,buddy roberts,caio magalhaes
139,https://en.wikipedia.org/wiki/UFC_on_FX:_Johnson_vs._McCall,chael sonnen,michael bisping,justin salas,tim means
140,https://en.wikipedia.org/wiki/UFC_on_FX:_Johnson_vs._McCall,chael sonnen,michael bisping,carlos eduardo rocha,mike pierce
141,https://en.wikipedia.org/wiki/UFC_on_FX:_Johnson_vs._McCall,chael sonnen,michael bisping,jake hecht,sean pierson
142,https://en.wikipedia.org/wiki/UFC_on_FX:_Johnson_vs._McCall,chael sonnen,michael bisping,bernardo magalhaes,henry martinez
143,https://en.wikipedia.org/wiki/UFC_on_FX:_Johnson_vs._McCall,chael sonnen,michael bisping,dustin pague,jared papazian
192,https://en.wikipedia.org/wiki/UFC_on_FX:_Johnson_vs._McCall,charles oliveira,eric wisely,demetrious johnson,ian mccall
193,https://en.wikipedia.org/wiki/UFC_on_FX:_Johnson_vs._McCall,charles oliveira,eric wisely,josh neer,mike pyle
194,https://en.wikipedia.org/wiki/UFC_on_FX:_Johnson_vs._McCall,charles oliveira,eric wisely,charlie brenneman,erick silva
195,https://en.wikipedia.org/wiki/UFC_on_FX:_Johnson_vs._McCall,charles oliveira,eric wisely,eddie wineland,scott jorgensen
196,https://en.wikipedia.org/wiki/UFC_on_FX:_Johnson_vs._McCall,charles oliveira,eric wisely,leonard garcia,matt grice
197,https://en.wikipedia.org/wiki/UFC_on_FX:_Johnson_vs._McCall,charles oliveira,eric wisely,lance benoist,seth baczynski
198,https://en.wikipedia.org/wiki/UFC_on_FX:_Johnson_vs._McCall,charles oliveira,eric wisely,buddy roberts,caio magalhaes
199,https://en.wikipedia.org/wiki/UFC_on_FX:_Johnson_vs._McCall,charles oliveira,eric wisely,justin salas,tim means
200,https://en.wikipedia.org/wiki/UFC_on_FX:_Johnson_vs._McCall,charles oliveira,eric wisely,carlos eduardo rocha,mike pierce
201,https://en.wikipedia.org/wiki/UFC_on_FX:_Johnson_vs._McCall,charles oliveira,eric wisely,jake hecht,sean pierson
202,https://en.wikipedia.org/wiki/UFC_on_FX:_Johnson_vs._McCall,charles oliveira,eric wisely,bernardo magalhaes,henry martinez
203,https://en.wikipedia.org/wiki/UFC_on_FX:_Johnson_vs._McCall,charles oliveira,eric wisely,dustin pague,jared papazian
228,https://en.wikipedia.org/wiki/UFC_on_FX:_Johnson_vs._McCall,chris camozzi,dustin jacoby,demetrious johnson,ian mccall
229,https://en.wikipedia.org/wiki/UFC_on_FX:_Johnson_vs._McCall,chris camozzi,dustin jacoby,josh neer,mike pyle
230,https://en.wikipedia.org/wiki/UFC_on_FX:_Johnson_vs._McCall,chris camozzi,dustin jacoby,charlie brenneman,erick silva
231,https://en.wikipedia.org/wiki/UFC_on_FX:_Johnson_vs._McCall,chris camozzi,dustin jacoby,eddie wineland,scott jorgensen
232,https://en.wikipedia.org/wiki/UFC_on_FX:_Johnson_vs._McCall,chris camozzi,dustin jacoby,leonard garcia,matt grice
233,https://en.wikipedia.org/wiki/UFC_on_FX:_Johnson_vs._McCall,chris camozzi,dustin jacoby,lance benoist,seth baczynski
234,https://en.wikipedia.org/wiki/UFC_on_FX:_Johnson_vs._McCall,chris camozzi,dustin jacoby,buddy roberts,caio magalhaes
235,https://en.wikipedia.org/wiki/UFC_on_FX:_Johnson_vs._McCall,chris camozzi,dustin jacoby,justin salas,tim means
236,https://en.wikipedia.org/wiki/UFC_on_FX:_Johnson_vs._McCall,chris camozzi,dustin jacoby,carlos eduardo rocha,mike pierce
237,https://en.wikipedia.org/wiki/UFC_on_FX:_Johnson_vs._McCall,chris camozzi,dustin jacoby,jake hecht,sean pierson
238,https://en.wikipedia.org/wiki/UFC_on_FX:_Johnson_vs._McCall,chris camozzi,dustin jacoby,bernardo magalhaes,henry martinez
239,https://en.wikipedia.org/wiki/UFC_on_FX:_Johnson_vs._McCall,chris camozzi,dustin jacoby,dustin pague,jared papazian
144,https://en.wikipedia.org/wiki/UFC_on_FX:_Johnson_vs._McCall,chris weidman,demian maia,demetrious johnson,ian mccall
145,https://en.wikipedia.org/wiki/UFC_on_FX:_Johnson_vs._McCall,chris weidman,demian maia,josh neer,mike pyle
146,https://en.wikipedia.org/wiki/UFC_on_FX:_Johnson_vs._McCall,chris weidman,demian maia,charlie brenneman,erick silva
147,https://en.wikipedia.org/wiki/UFC_on_FX:_Johnson_vs._McCall,chris weidman,demian maia,eddie wineland,scott jorgensen
148,https://en.wikipedia.org/wiki/UFC_on_FX:_Johnson_vs._McCall,chris weidman,demian maia,leonard garcia,matt grice
149,https://en.wikipedia.org/wiki/UFC_on_FX:_Johnson_vs._McCall,chris weidman,demian maia,lance benoist,seth baczynski
150,https://en.wikipedia.org/wiki/UFC_on_FX:_Johnson_vs._McCall,chris weidman,demian maia,buddy roberts,caio magalhaes
151,https://en.wikipedia.org/wiki/UFC_on_FX:_Johnson_vs._McCall,chris weidman,demian maia,justin salas,tim means
152,https://en.wikipedia.org/wiki/UFC_on_FX:_Johnson_vs._McCall,chris weidman,demian maia,carlos eduardo rocha,mike pierce
153,https://en.wikipedia.org/wiki/UFC_on_FX:_Johnson_vs._McCall,chris weidman,demian maia,jake hecht,sean pierson
154,https://en.wikipedia.org/wiki/UFC_on_FX:_Johnson_vs._McCall,chris weidman,demian maia,bernardo magalhaes,henry martinez
155,https://en.wikipedia.org/wiki/UFC_on_FX:_Johnson_vs._McCall,chris weidman,demian maia,dustin pague,jared papazian
180,https://en.wikipedia.org/wiki/UFC_on_FX:_Johnson_vs._McCall,cub swanson,george roop,demetrious johnson,ian mccall
181,https://en.wikipedia.org/wiki/UFC_on_FX:_Johnson_vs._McCall,cub swanson,george roop,josh neer,mike pyle
182,https://en.wikipedia.org/wiki/UFC_on_FX:_Johnson_vs._McCall,cub swanson,george roop,charlie brenneman,erick silva
183,https://en.wikipedia.org/wiki/UFC_on_FX:_Johnson_vs._McCall,cub swanson,george roop,eddie wineland,scott jorgensen
184,https://en.wikipedia.org/wiki/UFC_on_FX:_Johnson_vs._McCall,cub swanson,george roop,leonard garcia,matt grice
185,https://en.wikipedia.org/wiki/UFC_on_FX:_Johnson_vs._McCall,cub swanson,george roop,lance benoist,seth baczynski
186,https://en.wikipedia.org/wiki/UFC_on_FX:_Johnson_vs._McCall,cub swanson,george roop,buddy roberts,caio magalhaes
187,https://en.wikipedia.org/wiki/UFC_on_FX:_Johnson_vs._McCall,cub swanson,george roop,justin salas,tim means
188,https://en.wikipedia.org/wiki/UFC_on_FX:_Johnson_vs._McCall,cub swanson,george roop,carlos eduardo rocha,mike pierce
189,https://en.wikipedia.org/wiki/UFC_on_FX:_Johnson_vs._McCall,cub swanson,george roop,jake hecht,sean pierson
190,https://en.wikipedia.org/wiki/UFC_on_FX:_Johnson_vs._McCall,cub swanson,george roop,bernardo magalhaes,henry martinez
191,https://en.wikipedia.org/wiki/UFC_on_FX:_Johnson_vs._McCall,cub swanson,george roop,dustin pague,jared papazian
156,https://en.wikipedia.org/wiki/UFC_on_FX:_Johnson_vs._McCall,evan dunham,nik lentz,demetrious johnson,ian mccall
157,https://en.wikipedia.org/wiki/UFC_on_FX:_Johnson_vs._McCall,evan dunham,nik lentz,josh neer,mike pyle
158,https://en.wikipedia.org/wiki/UFC_on_FX:_Johnson_vs._McCall,evan dunham,nik lentz,charlie brenneman,erick silva
159,https://en.wikipedia.org/wiki/UFC_on_FX:_Johnson_vs._McCall,evan dunham,nik lentz,eddie wineland,scott jorgensen
160,https://en.wikipedia.org/wiki/UFC_on_FX:_Johnson_vs._McCall,evan dunham,nik lentz,leonard garcia,matt grice
161,https://en.wikipedia.org/wiki/UFC_on_FX:_Johnson_vs._McCall,evan dunham,nik lentz,lance benoist,seth baczynski
162,https://en.wikipedia.org/wiki/UFC_on_FX:_Johnson_vs._McCall,evan dunham,nik lentz,buddy roberts,caio magalhaes
163,https://en.wikipedia.org/wiki/UFC_on_FX:_Johnson_vs._McCall,evan dunham,nik lentz,justin salas,tim means
164,https://en.wikipedia.org/wiki/UFC_on_FX:_Johnson_vs._McCall,evan dunham,nik lentz,carlos eduardo rocha,mike pierce
165,https://en.wikipedia.org/wiki/UFC_on_FX:_Johnson_vs._McCall,evan dunham,nik lentz,jake hecht,sean pierson
166,https://en.wikipedia.org/wiki/UFC_on_FX:_Johnson_vs._McCall,evan dunham,nik lentz,bernardo magalhaes,henry martinez
167,https://en.wikipedia.org/wiki/UFC_on_FX:_Johnson_vs._McCall,evan dunham,nik lentz,dustin pague,jared papazian
216,https://en.wikipedia.org/wiki/UFC_on_FX:_Johnson_vs._McCall,lavar johnson,joey beltran,demetrious johnson,ian mccall
217,https://en.wikipedia.org/wiki/UFC_on_FX:_Johnson_vs._McCall,lavar johnson,joey beltran,josh neer,mike pyle
218,https://en.wikipedia.org/wiki/UFC_on_FX:_Johnson_vs._McCall,lavar johnson,joey beltran,charlie brenneman,erick silva
219,https://en.wikipedia.org/wiki/UFC_on_FX:_Johnson_vs._McCall,lavar johnson,joey beltran,eddie wineland,scott jorgensen
220,https://en.wikipedia.org/wiki/UFC_on_FX:_Johnson_vs._McCall,lavar johnson,joey beltran,leonard garcia,matt grice
221,https://en.wikipedia.org/wiki/UFC_on_FX:_Johnson_vs._McCall,lavar johnson,joey beltran,lance benoist,seth baczynski
222,https://en.wikipedia.org/wiki/UFC_on_FX:_Johnson_vs._McCall,lavar johnson,joey beltran,buddy roberts,caio magalhaes
223,https://en.wikipedia.org/wiki/UFC_on_FX:_Johnson_vs._McCall,lavar johnson,joey beltran,justin salas,tim means
224,https://en.wikipedia.org/wiki/UFC_on_FX:_Johnson_vs._McCall,lavar johnson,joey beltran,carlos eduardo rocha,mike pierce
225,https://en.wikipedia.org/wiki/UFC_on_FX:_Johnson_vs._McCall,lavar johnson,joey beltran,jake hecht,sean pierson
226,https://en.wikipedia.org/wiki/UFC_on_FX:_Johnson_vs._McCall,lavar johnson,joey beltran,bernardo magalhaes,henry martinez
227,https://en.wikipedia.org/wiki/UFC_on_FX:_Johnson_vs._McCall,lavar johnson,joey beltran,dustin pague,jared papazian
204,https://en.wikipedia.org/wiki/UFC_on_FX:_Johnson_vs._McCall,michael johnson,shane roller,demetrious johnson,ian mccall
205,https://en.wikipedia.org/wiki/UFC_on_FX:_Johnson_vs._McCall,michael johnson,shane roller,josh neer,mike pyle
206,https://en.wikipedia.org/wiki/UFC_on_FX:_Johnson_vs._McCall,michael johnson,shane roller,charlie brenneman,erick silva
207,https://en.wikipedia.org/wiki/UFC_on_FX:_Johnson_vs._McCall,michael johnson,shane roller,eddie wineland,scott jorgensen
208,https://en.wikipedia.org/wiki/UFC_on_FX:_Johnson_vs._McCall,michael johnson,shane roller,leonard garcia,matt grice
209,https://en.wikipedia.org/wiki/UFC_on_FX:_Johnson_vs._McCall,michael johnson,shane roller,lance benoist,seth baczynski
210,https://en.wikipedia.org/wiki/UFC_on_FX:_Johnson_vs._McCall,michael johnson,shane roller,buddy roberts,caio magalhaes
211,https://en.wikipedia.org/wiki/UFC_on_FX:_Johnson_vs._McCall,michael johnson,shane roller,justin salas,tim means
212,https://en.wikipedia.org/wiki/UFC_on_FX:_Johnson_vs._McCall,michael johnson,shane roller,carlos eduardo rocha,mike pierce
213,https://en.wikipedia.org/wiki/UFC_on_FX:_Johnson_vs._McCall,michael johnson,shane roller,jake hecht,sean pierson
214,https://en.wikipedia.org/wiki/UFC_on_FX:_Johnson_vs._McCall,michael johnson,shane roller,bernardo magalhaes,henry martinez
215,https://en.wikipedia.org/wiki/UFC_on_FX:_Johnson_vs._McCall,michael johnson,shane roller,dustin pague,jared papazian
168,https://en.wikipedia.org/wiki/UFC_on_FX:_Johnson_vs._McCall,mike russow,john-olav einemo,demetrious johnson,ian mccall
169,https://en.wikipedia.org/wiki/UFC_on_FX:_Johnson_vs._McCall,mike russow,john-olav einemo,josh neer,mike pyle
170,https://en.wikipedia.org/wiki/UFC_on_FX:_Johnson_vs._McCall,mike russow,john-olav einemo,charlie brenneman,erick silva
171,https://en.wikipedia.org/wiki/UFC_on_FX:_Johnson_vs._McCall,mike russow,john-olav einemo,eddie wineland,scott jorgensen
172,https://en.wikipedia.org/wiki/UFC_on_FX:_Johnson_vs._McCall,mike russow,john-olav einemo,leonard garcia,matt grice
173,https://en.wikipedia.org/wiki/UFC_on_FX:_Johnson_vs._McCall,mike russow,john-olav einemo,lance benoist,seth baczynski
174,https://en.wikipedia.org/wiki/UFC_on_FX:_Johnson_vs._McCall,mike russow,john-olav einemo,buddy roberts,caio magalhaes
175,https://en.wikipedia.org/wiki/UFC_on_FX:_Johnson_vs._McCall,mike russow,john-olav einemo,justin salas,tim means
176,https://en.wikipedia.org/wiki/UFC_on_FX:_Johnson_vs._McCall,mike russow,john-olav einemo,carlos eduardo rocha,mike pierce
177,https://en.wikipedia.org/wiki/UFC_on_FX:_Johnson_vs._McCall,mike russow,john-olav einemo,jake hecht,sean pierson
178,https://en.wikipedia.org/wiki/UFC_on_FX:_Johnson_vs._McCall,mike russow,john-olav einemo,bernardo magalhaes,henry martinez
179,https://en.wikipedia.org/wiki/UFC_on_FX:_Johnson_vs._McCall,mike russow,john-olav einemo,dustin pague,jared papazian
120,https://en.wikipedia.org/wiki/UFC_on_FX:_Johnson_vs._McCall,rashad evans,phil davis,demetrious johnson,ian mccall
121,https://en.wikipedia.org/wiki/UFC_on_FX:_Johnson_vs._McCall,rashad evans,phil davis,josh neer,mike pyle
122,https://en.wikipedia.org/wiki/UFC_on_FX:_Johnson_vs._McCall,rashad evans,phil davis,charlie brenneman,erick silva
123,https://en.wikipedia.org/wiki/UFC_on_FX:_Johnson_vs._McCall,rashad evans,phil davis,eddie wineland,scott jorgensen
124,https://en.wikipedia.org/wiki/UFC_on_FX:_Johnson_vs._McCall,rashad evans,phil davis,leonard garcia,matt grice
125,https://en.wikipedia.org/wiki/UFC_on_FX:_Johnson_vs._McCall,rashad evans,phil davis,lance benoist,seth baczynski
126,https://en.wikipedia.org/wiki/UFC_on_FX:_Johnson_vs._McCall,rashad evans,phil davis,buddy roberts,caio magalhaes
127,https://en.wikipedia.org/wiki/UFC_on_FX:_Johnson_vs._McCall,rashad evans,phil davis,justin salas,tim means
128,https://en.wikipedia.org/wiki/UFC_on_FX:_Johnson_vs._McCall,rashad evans,phil davis,carlos eduardo rocha,mike pierce
129,https://en.wikipedia.org/wiki/UFC_on_FX:_Johnson_vs._McCall,rashad evans,phil davis,jake hecht,sean pierson
130,https://en.wikipedia.org/wiki/UFC_on_FX:_Johnson_vs._McCall,rashad evans,phil davis,bernardo magalhaes,henry martinez
131,https://en.wikipedia.org/wiki/UFC_on_FX:_Johnson_vs._McCall,rashad evans,phil davis,dustin pague,jared papazian
370,https://en.wikipedia.org/wiki/UFC_on_Fuel_TV:_Sanchez_vs._Ellenberger,chael sonnen,michael bisping,diego sanchez,jake ellenberger
371,https://en.wikipedia.org/wiki/UFC_on_Fuel_TV:_Sanchez_vs._Ellenberger,chael sonnen,michael bisping,dave herman,stefan struve
372,https://en.wikipedia.org/wiki/UFC_on_Fuel_TV:_Sanchez_vs._Ellenberger,chael sonnen,michael bisping,tj dillashaw,walel watson
373,https://en.wikipedia.org/wiki/UFC_on_Fuel_TV:_Sanchez_vs._Ellenberger,chael sonnen,michael bisping,philip de fries,stipe miocic
374,https://en.wikipedia.org/wiki/UFC_on_Fuel_TV:_Sanchez_vs._Ellenberger,chael sonnen,michael bisping,aaron simpson,ronny markes
375,https://en.wikipedia.org/wiki/UFC_on_Fuel_TV:_Sanchez_vs._Ellenberger,chael sonnen,michael bisping,bernardo magalhaes,tim means
376,https://en.wikipedia.org/wiki/UFC_on_Fuel_TV:_Sanchez_vs._Ellenberger,chael sonnen,michael bisping,anton kuivanen,justin salas
377,https://en.wikipedia.org/wiki/UFC_on_Fuel_TV:_Sanchez_vs._Ellenberger,chael sonnen,michael bisping,ivan menjivar,john albert
378,https://en.wikipedia.org/wiki/UFC_on_Fuel_TV:_Sanchez_vs._Ellenberger,chael sonnen,michael bisping,buddy roberts,sean loeffler
379,https://en.wikipedia.org/wiki/UFC_on_Fuel_TV:_Sanchez_vs._Ellenberger,chael sonnen,michael bisping,jonathan brookins,vagner rocha
420,https://en.wikipedia.org/wiki/UFC_on_Fuel_TV:_Sanchez_vs._Ellenberger,charles oliveira,eric wisely,diego sanchez,jake ellenberger
421,https://en.wikipedia.org/wiki/UFC_on_Fuel_TV:_Sanchez_vs._Ellenberger,charles oliveira,eric wisely,dave herman,stefan struve
422,https://en.wikipedia.org/wiki/UFC_on_Fuel_TV:_Sanchez_vs._Ellenberger,charles oliveira,eric wisely,tj dillashaw,walel watson
423,https://en.wikipedia.org/wiki/UFC_on_Fuel_TV:_Sanchez_vs._Ellenberger,charles oliveira,eric wisely,philip de fries,stipe miocic
424,https://en.wikipedia.org/wiki/UFC_on_Fuel_TV:_Sanchez_vs._Ellenberger,charles oliveira,eric wisely,aaron simpson,ronny markes
425,https://en.wikipedia.org/wiki/UFC_on_Fuel_TV:_Sanchez_vs._Ellenberger,charles oliveira,eric wisely,bernardo magalhaes,tim means
426,https://en.wikipedia.org/wiki/UFC_on_Fuel_TV:_Sanchez_vs._Ellenberger,charles oliveira,eric wisely,anton kuivanen,justin salas
427,https://en.wikipedia.org/wiki/UFC_on_Fuel_TV:_Sanchez_vs._Ellenberger,charles oliveira,eric wisely,ivan menjivar,john albert
428,https://en.wikipedia.org/wiki/UFC_on_Fuel_TV:_Sanchez_vs._Ellenberger,charles oliveira,eric wisely,buddy roberts,sean loeffler
429,https://en.wikipedia.org/wiki/UFC_on_Fuel_TV:_Sanchez_vs._Ellenberger,charles oliveira,eric wisely,jonathan brookins,vagner rocha
450,https://en.wikipedia.org/wiki/UFC_on_Fuel_TV:_Sanchez_vs._Ellenberger,chris camozzi,dustin jacoby,diego sanchez,jake ellenberger
451,https://en.wikipedia.org/wiki/UFC_on_Fuel_TV:_Sanchez_vs._Ellenberger,chris camozzi,dustin jacoby,dave herman,stefan struve
452,https://en.wikipedia.org/wiki/UFC_on_Fuel_TV:_Sanchez_vs._Ellenberger,chris camozzi,dustin jacoby,tj dillashaw,walel watson
453,https://en.wikipedia.org/wiki/UFC_on_Fuel_TV:_Sanchez_vs._Ellenberger,chris camozzi,dustin jacoby,philip de fries,stipe miocic
454,https://en.wikipedia.org/wiki/UFC_on_Fuel_TV:_Sanchez_vs._Ellenberger,chris camozzi,dustin jacoby,aaron simpson,ronny markes
455,https://en.wikipedia.org/wiki/UFC_on_Fuel_TV:_Sanchez_vs._Ellenberger,chris camozzi,dustin jacoby,bernardo magalhaes,tim means
456,https://en.wikipedia.org/wiki/UFC_on_Fuel_TV:_Sanchez_vs._Ellenberger,chris camozzi,dustin jacoby,anton kuivanen,justin salas
457,https://en.wikipedia.org/wiki/UFC_on_Fuel_TV:_Sanchez_vs._Ellenberger,chris camozzi,dustin jacoby,ivan menjivar,john albert
458,https://en.wikipedia.org/wiki/UFC_on_Fuel_TV:_Sanchez_vs._Ellenberger,chris camozzi,dustin jacoby,buddy roberts,sean loeffler
459,https://en.wikipedia.org/wiki/UFC_on_Fuel_TV:_Sanchez_vs._Ellenberger,chris camozzi,dustin jacoby,jonathan brookins,vagner rocha
380,https://en.wikipedia.org/wiki/UFC_on_Fuel_TV:_Sanchez_vs._Ellenberger,chris weidman,demian maia,diego sanchez,jake ellenberger
381,https://en.wikipedia.org/wiki/UFC_on_Fuel_TV:_Sanchez_vs._Ellenberger,chris weidman,demian maia,dave herman,stefan struve
382,https://en.wikipedia.org/wiki/UFC_on_Fuel_TV:_Sanchez_vs._Ellenberger,chris weidman,demian maia,tj dillashaw,walel watson
383,https://en.wikipedia.org/wiki/UFC_on_Fuel_TV:_Sanchez_vs._Ellenberger,chris weidman,demian maia,philip de fries,stipe miocic
384,https://en.wikipedia.org/wiki/UFC_on_Fuel_TV:_Sanchez_vs._Ellenberger,chris weidman,demian maia,aaron simpson,ronny markes
385,https://en.wikipedia.org/wiki/UFC_on_Fuel_TV:_Sanchez_vs._Ellenberger,chris weidman,demian maia,bernardo magalhaes,tim means
386,https://en.wikipedia.org/wiki/UFC_on_Fuel_TV:_Sanchez_vs._Ellenberger,chris weidman,demian maia,anton kuivanen,justin salas
387,https://en.wikipedia.org/wiki/UFC_on_Fuel_TV:_Sanchez_vs._Ellenberger,chris weidman,demian maia,ivan menjivar,john albert
388,https://en.wikipedia.org/wiki/UFC_on_Fuel_TV:_Sanchez_vs._Ellenberger,chris weidman,demian maia,buddy roberts,sean loeffler
389,https://en.wikipedia.org/wiki/UFC_on_Fuel_TV:_Sanchez_vs._Ellenberger,chris weidman,demian maia,jonathan brookins,vagner rocha
410,https://en.wikipedia.org/wiki/UFC_on_Fuel_TV:_Sanchez_vs._Ellenberger,cub swanson,george roop,diego sanchez,jake ellenberger
411,https://en.wikipedia.org/wiki/UFC_on_Fuel_TV:_Sanchez_vs._Ellenberger,cub swanson,george roop,dave herman,stefan struve
412,https://en.wikipedia.org/wiki/UFC_on_Fuel_TV:_Sanchez_vs._Ellenberger,cub swanson,george roop,tj dillashaw,walel watson
413,https://en.wikipedia.org/wiki/UFC_on_Fuel_TV:_Sanchez_vs._Ellenberger,cub swanson,george roop,philip de fries,stipe miocic
414,https://en.wikipedia.org/wiki/UFC_on_Fuel_TV:_Sanchez_vs._Ellenberger,cub swanson,george roop,aaron simpson,ronny markes
415,https://en.wikipedia.org/wiki/UFC_on_Fuel_TV:_Sanchez_vs._Ellenberger,cub swanson,george roop,bernardo magalhaes,tim means
416,https://en.wikipedia.org/wiki/UFC_on_Fuel_TV:_Sanchez_vs._Ellenberger,cub swanson,george roop,anton kuivanen,justin salas
417,https://en.wikipedia.org/wiki/UFC_on_Fuel_TV:_Sanchez_vs._Ellenberger,cub swanson,george roop,ivan menjivar,john albert
418,https://en.wikipedia.org/wiki/UFC_on_Fuel_TV:_Sanchez_vs._Ellenberger,cub swanson,george roop,buddy roberts,sean loeffler
419,https://en.wikipedia.org/wiki/UFC_on_Fuel_TV:_Sanchez_vs._Ellenberger,cub swanson,george roop,jonathan brookins,vagner rocha
390,https://en.wikipedia.org/wiki/UFC_on_Fuel_TV:_Sanchez_vs._Ellenberger,evan dunham,nik lentz,diego sanchez,jake ellenberger
391,https://en.wikipedia.org/wiki/UFC_on_Fuel_TV:_Sanchez_vs._Ellenberger,evan dunham,nik lentz,dave herman,stefan struve
392,https://en.wikipedia.org/wiki/UFC_on_Fuel_TV:_Sanchez_vs._Ellenberger,evan dunham,nik lentz,tj dillashaw,walel watson
393,https://en.wikipedia.org/wiki/UFC_on_Fuel_TV:_Sanchez_vs._Ellenberger,evan dunham,nik lentz,philip de fries,stipe miocic
394,https://en.wikipedia.org/wiki/UFC_on_Fuel_TV:_Sanchez_vs._Ellenberger,evan dunham,nik lentz,aaron simpson,ronny markes
395,https://en.wikipedia.org/wiki/UFC_on_Fuel_TV:_Sanchez_vs._Ellenberger,evan dunham,nik lentz,bernardo magalhaes,tim means
396,https://en.wikipedia.org/wiki/UFC_on_Fuel_TV:_Sanchez_vs._Ellenberger,evan dunham,nik lentz,anton kuivanen,justin salas
397,https://en.wikipedia.org/wiki/UFC_on_Fuel_TV:_Sanchez_vs._Ellenberger,evan dunham,nik lentz,ivan menjivar,john albert
398,https://en.wikipedia.org/wiki/UFC_on_Fuel_TV:_Sanchez_vs._Ellenberger,evan dunham,nik lentz,buddy roberts,sean loeffler
399,https://en.wikipedia.org/wiki/UFC_on_Fuel_TV:_Sanchez_vs._Ellenberger,evan dunham,nik lentz,jonathan brookins,vagner rocha
440,https://en.wikipedia.org/wiki/UFC_on_Fuel_TV:_Sanchez_vs._Ellenberger,lavar johnson,joey beltran,diego sanchez,jake ellenberger
441,https://en.wikipedia.org/wiki/UFC_on_Fuel_TV:_Sanchez_vs._Ellenberger,lavar johnson,joey beltran,dave herman,stefan struve
442,https://en.wikipedia.org/wiki/UFC_on_Fuel_TV:_Sanchez_vs._Ellenberger,lavar johnson,joey beltran,tj dillashaw,walel watson
443,https://en.wikipedia.org/wiki/UFC_on_Fuel_TV:_Sanchez_vs._Ellenberger,lavar johnson,joey beltran,philip de fries,stipe miocic
444,https://en.wikipedia.org/wiki/UFC_on_Fuel_TV:_Sanchez_vs._Ellenberger,lavar johnson,joey beltran,aaron simpson,ronny markes
445,https://en.wikipedia.org/wiki/UFC_on_Fuel_TV:_Sanchez_vs._Ellenberger,lavar johnson,joey beltran,bernardo magalhaes,tim means
446,https://en.wikipedia.org/wiki/UFC_on_Fuel_TV:_Sanchez_vs._Ellenberger,lavar johnson,joey beltran,anton kuivanen,justin salas
447,https://en.wikipedia.org/wiki/UFC_on_Fuel_TV:_Sanchez_vs._Ellenberger,lavar johnson,joey beltran,ivan menjivar,john albert
448,https://en.wikipedia.org/wiki/UFC_on_Fuel_TV:_Sanchez_vs._Ellenberger,lavar johnson,joey beltran,buddy roberts,sean loeffler
449,https://en.wikipedia.org/wiki/UFC_on_Fuel_TV:_Sanchez_vs._Ellenberger,lavar johnson,joey beltran,jonathan brookins,vagner rocha
430,https://en.wikipedia.org/wiki/UFC_on_Fuel_TV:_Sanchez_vs._Ellenberger,michael johnson,shane roller,diego sanchez,jake ellenberger
431,https://en.wikipedia.org/wiki/UFC_on_Fuel_TV:_Sanchez_vs._Ellenberger,michael johnson,shane roller,dave herman,stefan struve
432,https://en.wikipedia.org/wiki/UFC_on_Fuel_TV:_Sanchez_vs._Ellenberger,michael johnson,shane roller,tj dillashaw,walel watson
433,https://en.wikipedia.org/wiki/UFC_on_Fuel_TV:_Sanchez_vs._Ellenberger,michael johnson,shane roller,philip de fries,stipe miocic
434,https://en.wikipedia.org/wiki/UFC_on_Fuel_TV:_Sanchez_vs._Ellenberger,michael johnson,shane roller,aaron simpson,ronny markes
435,https://en.wikipedia.org/wiki/UFC_on_Fuel_TV:_Sanchez_vs._Ellenberger,michael johnson,shane roller,bernardo magalhaes,tim means
436,https://en.wikipedia.org/wiki/UFC_on_Fuel_TV:_Sanchez_vs._Ellenberger,michael johnson,shane roller,anton kuivanen,justin salas
437,https://en.wikipedia.org/wiki/UFC_on_Fuel_TV:_Sanchez_vs._Ellenberger,michael johnson,shane roller,ivan menjivar,john albert
438,https://en.wikipedia.org/wiki/UFC_on_Fuel_TV:_Sanchez_vs._Ellenberger,michael johnson,shane roller,buddy roberts,sean loeffler
439,https://en.wikipedia.org/wiki/UFC_on_Fuel_TV:_Sanchez_vs._Ellenberger,michael johnson,shane roller,jonathan brookins,vagner rocha
400,https://en.wikipedia.org/wiki/UFC_on_Fuel_TV:_Sanchez_vs._Ellenberger,mike russow,john-olav einemo,diego sanchez,jake ellenberger
401,https://en.wikipedia.org/wiki/UFC_on_Fuel_TV:_Sanchez_vs._Ellenberger,mike russow,john-olav einemo,dave herman,stefan struve
402,https://en.wikipedia.org/wiki/UFC_on_Fuel_TV:_Sanchez_vs._Ellenberger,mike russow,john-olav einemo,tj dillashaw,walel watson
403,https://en.wikipedia.org/wiki/UFC_on_Fuel_TV:_Sanchez_vs._Ellenberger,mike russow,john-olav einemo,philip de fries,stipe miocic
404,https://en.wikipedia.org/wiki/UFC_on_Fuel_TV:_Sanchez_vs._Ellenberger,mike russow,john-olav einemo,aaron simpson,ronny markes
405,https://en.wikipedia.org/wiki/UFC_on_Fuel_TV:_Sanchez_vs._Ellenberger,mike russow,john-olav einemo,bernardo magalhaes,tim means
406,https://en.wikipedia.org/wiki/UFC_on_Fuel_TV:_Sanchez_vs._Ellenberger,mike russow,john-olav einemo,anton kuivanen,justin salas
407,https://en.wikipedia.org/wiki/UFC_on_Fuel_TV:_Sanchez_vs._Ellenberger,mike russow,john-olav einemo,ivan menjivar,john albert
408,https://en.wikipedia.org/wiki/UFC_on_Fuel_TV:_Sanchez_vs._Ellenberger,mike russow,john-olav einemo,buddy roberts,sean loeffler
409,https://en.wikipedia.org/wiki/UFC_on_Fuel_TV:_Sanchez_vs._Ellenberger,mike russow,john-olav einemo,jonathan brookins,vagner rocha
360,https://en.wikipedia.org/wiki/UFC_on_Fuel_TV:_Sanchez_vs._Ellenberger,rashad evans,phil davis,diego sanchez,jake ellenberger
361,https://en.wikipedia.org/wiki/UFC_on_Fuel_TV:_Sanchez_vs._Ellenberger,rashad evans,phil davis,dave herman,stefan struve
362,https://en.wikipedia.org/wiki/UFC_on_Fuel_TV:_Sanchez_vs._Ellenberger,rashad evans,phil davis,tj dillashaw,walel watson
363,https://en.wikipedia.org/wiki/UFC_on_Fuel_TV:_Sanchez_vs._Ellenberger,rashad evans,phil davis,philip de fries,stipe miocic
364,https://en.wikipedia.org/wiki/UFC_on_Fuel_TV:_Sanchez_vs._Ellenberger,rashad evans,phil davis,aaron simpson,ronny markes
365,https://en.wikipedia.org/wiki/UFC_on_Fuel_TV:_Sanchez_vs._Ellenberger,rashad evans,phil davis,bernardo magalhaes,tim means
366,https://en.wikipedia.org/wiki/UFC_on_Fuel_TV:_Sanchez_vs._Ellenberger,rashad evans,phil davis,anton kuivanen,justin salas
367,https://en.wikipedia.org/wiki/UFC_on_Fuel_TV:_Sanchez_vs._Ellenberger,rashad evans,phil davis,ivan menjivar,john albert
368,https://en.wikipedia.org/wiki/UFC_on_Fuel_TV:_Sanchez_vs._Ellenberger,rashad evans,phil davis,buddy roberts,sean loeffler
369,https://en.wikipedia.org/wiki/UFC_on_Fuel_TV:_Sanchez_vs._Ellenberger,rashad evans,phil davis,jonathan brookins,vagner rocha
